{"n_nodes": 25, "edges": [[2, 0], [3, 0], [4, 2], [6, 4], [8, 4], [8, 7], [9, 3], [10, 2], [10, 4], [10, 5], [11, 5], [11, 8], [12, 1], [12, 2], [12, 10], [12, 11], [13, 12], [14, 7], [14, 13], [15, 1], [15, 3], [15, 7], [15, 9], [15, 10], [15, 12], [16, 0], [16, 5], [16, 15], [17, 1], [17, 8], [18, 6], [18, 17], [19, 3], [19, 6], [19, 15], [20, 11], [20, 12], [20, 16], [21, 13], [21, 17], [22, 13], [23, 9], [23, 11], [24, 15], [24, 17], [24, 19]], "cpt": {"0": [0.7472156576798118, 0.2527843423201882], "1": [0.09635482539686889, 0.9036451746031311], "2": [[0.5899280201510102, 0.4100719798489898], [0.5009251917473724, 0.4990748082526276]], "3": [[0.6206411452517137, 0.3793588547482862], [0.14874248034933502, 0.8512575196506649]], "4": [[0.5465540602994889, 0.453445939700511], [0.9928686768802802, 0.007131323119719821]], "5": [0.4813941368642398, 0.5186058631357603], "6": [[0.24015896203437767, 0.7598410379656223], [0.585486538678439, 0.4145134613215609]], "7": [0.34622530651793326, 0.6537746934820667], "8": [[[0.5958632704325243, 0.40413672956747565], [0.1586498131841558, 0.8413501868158443]], [[0.878995418882367, 0.12100458111763304], [0.8885607950029696, 0.11143920499703042]]], "9": [[0.8278282075208083, 0.17217179247919154], [0.4384392279665887, 0.5615607720334114]], "10": [[[[0.16338668949156432, 0.8366133105084357], [0.9678240300389394, 0.032175969961060674]], [[0.9377440528765306, 0.06225594712346923], [0.5834080181116168, 0.41659198188838326]]], [[[0.3195712046748532, 0.6804287953251468], [0.9031245493542338, 0.09687545064576612]], [[0.6340365372415994, 0.3659634627584006], [0.396254365486369, 0.603745634513631]]]], "11": [[[0.5633285929280816, 0.4366714070719184], [0.5894257760157612, 0.4105742239842388]], [[0.9168294368031131, 0.08317056319688675], [0.8939331685122273, 0.10606683148777264]]], "12": [[[[[0.8620391153347182, 0.13796088466528167], [0.9683421036942023, 0.03165789630579773]], [[0.13292414428528224, 0.8670758557147176], [0.5785591219884162, 0.42144087801158386]]], [[[0.44546874280064414, 0.5545312571993559], [0.3532064013503705, 0.6467935986496295]], [[0.09646490793046328, 0.9035350920695367], [0.10746971457050958, 0.8925302854294905]]]], [[[[0.5411677192383536, 0.45883228076164645], [0.6015254392757262, 0.3984745607242738]], [[0.7807262836327747, 0.21927371636722534], [0.7719863586598373, 0.2280136413401626]]], [[[0.11205311025050542, 0.8879468897494946], [0.9254012947971311, 0.07459870520286896]], [[0.6501462196991294, 0.3498537803008705], [0.23152337059673522, 0.7684766294032648]]]]], "13": [[0.815590122488285, 0.18440987751171506], [0.9144209355515828, 0.08557906444841715]], "14": [[[0.4277896132967667, 0.5722103867032333], [0.8940790370773999, 0.1059209629226002]], [[0.027983291930095647, 0.9720167080699043], [0.8688867852221617, 0.13111321477783827]]], "15": [[[[[[[0.737858534843036, 0.2621414651569639], [0.9229030060449045, 0.07709699395509552]], [[0.7852340414641988, 0.21476595853580124], [0.08991040601893559, 0.9100895939810644]]], [[[0.5866344154444507, 0.4133655845555494], [0.7119557333547681, 0.2880442666452319]], [[0.18717618626590804, 0.812823813734092], [0.2897764254194631, 0.7102235745805368]]]], [[[[0.4349738052698188, 0.5650261947301811], [0.09833509900438393, 0.9016649009956161]], [[0.6939657758631477, 0.30603422413685233], [0.35704638691473795, 0.642953613085262]]], [[[0.49867069293003813, 0.5013293070699618], [0.38055439653067347, 0.6194456034693265]], [[0.8898240044329047, 0.11017599556709523], [0.48922201049501857, 0.5107779895049814]]]]], [[[[[0.0329617903115234, 0.9670382096884766], [0.2922763550618916, 0.7077236449381085]], [[0.3314950631346462, 0.6685049368653538], [0.3480740817651336, 0.6519259182348665]]], [[[0.46576361170066355, 0.5342363882993364], [0.10974361100250217, 0.8902563889974979]], [[0.46797965417885756, 0.5320203458211423], [0.11771763452276326, 0.8822823654772368]]]], [[[[0.2314755488813848, 0.7685244511186151], [0.2328885126406766, 0.7671114873593234]], [[0.997789216023063, 0.002210783976937023], [0.19074051361092156, 0.8092594863890785]]], [[[0.27507720425096716, 0.7249227957490328], [0.5690569993181772, 0.4309430006818228]], [[0.8590199120174515, 0.14098008798254855], [0.1445280636475061, 0.855471936352494]]]]]], [[[[[[0.643965120433181, 0.35603487956681906], [0.3514917142858465, 0.6485082857141534]], [[0.8850271921809291, 0.11497280781907099], [0.20137251007228313, 0.7986274899277169]]], [[[0.10885522664605574, 0.8911447733539444], [0.4945068792270091, 0.5054931207729908]], [[0.7411124144989634, 0.2588875855010365], [0.41830883119936824, 0.5816911688006318]]]], [[[[0.911451750418221, 0.08854824958177915], [0.7876346323831426, 0.2123653676168573]], [[0.007339751765468766, 0.9926602482345313], [0.31408822280838794, 0.6859117771916121]]], [[[0.873768454292554, 0.12623154570744605], [0.8754312508859934, 0.12456874911400648]], [[0.8867562605923732, 0.1132437394076267], [0.31657252000125374, 0.6834274799987462]]]]], [[[[[0.8367569256805993, 0.16324307431940063], [0.09862725580876895, 0.9013727441912311]], [[0.6150577953310906, 0.3849422046689093], [0.18213754709517563, 0.8178624529048243]]], [[[0.08376923312767424, 0.9162307668723259], [0.5962082989965264, 0.40379170100347345]], [[0.6613552039798434, 0.3386447960201566], [0.7637447360391069, 0.23625526396089325]]]], [[[[0.5412218897323836, 0.4587781102676164], [0.9909468907735021, 0.009053109226498011]], [[0.5755075816064872, 0.42449241839351287], [0.6731507125477949, 0.32684928745220504]]], [[[0.550035230462836, 0.4499647695371641], [0.4945314785565447, 0.5054685214434551]], [[0.4849596931315786, 0.5150403068684215], [0.005795479837107651, 0.9942045201628922]]]]]]], "16": [[[[0.015383603759974097, 0.984616396240026], [0.994100442593106, 0.005899557406893883]], [[0.5236224447663672, 0.47637755523363273], [0.4346084524193244, 0.5653915475806756]]], [[[0.15654605332578864, 0.8434539466742115], [0.08333141839169554, 0.9166685816083043]], [[0.8420050369932948, 0.15799496300670512], [0.03755664166910709, 0.9624433583308929]]]], "17": [[[0.8773874162009137, 0.12261258379908625], [0.6421065801653626, 0.35789341983463735]], [[0.09976481563809106, 0.9002351843619089], [0.9393088934501375, 0.060691106549862386]]], "18": [[[0.13564981319931466, 0.8643501868006854], [0.20050982307020151, 0.7994901769297985]], [[0.29673002498969575, 0.7032699750103041], [0.7104992221352082, 0.2895007778647918]]], "19": [[[[0.9016223435147889, 0.09837765648521107], [0.7091986876906957, 0.2908013123093042]], [[0.2545299834701141, 0.745470016529886], [0.8125292517329051, 0.18747074826709484]]], [[[0.15802160105504995, 0.8419783989449501], [0.647662243820139, 0.352337756179861]], [[0.795347246778928, 0.20465275322107193], [0.9549541183676806, 0.04504588163231952]]]], "20": [[[[0.10106721837422258, 0.8989327816257775], [0.44396383768215086, 0.5560361623178491]], [[0.629738574434379, 0.3702614255656211], [0.5938848373456819, 0.4061151626543183]]], [[[0.05460864365498709, 0.9453913563450128], [0.7290255236171969, 0.2709744763828031]], [[0.761308042833533, 0.23869195716646693], [0.7205733215244731, 0.279426678475527]]]], "21": [[[0.07142419968714614, 0.9285758003128539], [0.44798833321971215, 0.5520116667802878]], [[0.7791397095399417, 0.22086029046005834], [0.696496510881037, 0.30350348911896285]]], "22": [[0.32285213303912214, 0.6771478669608778], [0.8223146481712034, 0.17768535182879658]], "23": [[[0.696718221953925, 0.30328177804607487], [0.4435410275799559, 0.5564589724200443]], [[0.502654058840495, 0.4973459411595049], [0.5047633214158229, 0.4952366785841771]]], "24": [[[[0.7086700251230388, 0.2913299748769611], [0.2867932857489057, 0.7132067142510943]], [[0.6413815634420712, 0.35861843655792874], [0.6151337431094549, 0.38486625689054504]]], [[[0.06930016326031425, 0.9306998367396858], [0.979899103746482, 0.020100896253517964]], [[0.5096442873763152, 0.4903557126236847], [0.5587088701689908, 0.4412911298310092]]]]}}