,datapath,batch_size,embedding_dim,n_features,caggregate,step,loss,tv_dist
0,datasets/2.csv,256,100,25,avg,250,0.5724449253082275,0.12087418795624988
1,datasets/2.csv,256,100,25,avg,500,0.5625003927946091,0.10894913079825344
2,datasets/3.csv,256,100,50,avg,250,0.621498955488205,0.1533743501347562
3,datasets/3.csv,256,100,50,avg,500,0.6149633836746216,0.14289703607405455
