{"n_nodes": 10, "edges": [[2, 1], [3, 0], [4, 0], [4, 3], [5, 1], [8, 2], [8, 6], [9, 1], [9, 2], [9, 6], [9, 8]], "cpt": {"0": [0.4621411866365179, 0.537858813363482], "1": [0.13309010094895887, 0.8669098990510412], "2": [[0.39172503482440985, 0.6082749651755902], [0.14063192588385057, 0.8593680741161493]], "3": [[0.8585454602923358, 0.14145453970766417], [0.6505128838616506, 0.3494871161383495]], "4": [[[0.11533495132992824, 0.8846650486700718], [0.9271700957550133, 0.07282990424498659]], [[0.08618622517704916, 0.9138137748229509], [0.8015267293239184, 0.1984732706760815]]], "5": [[0.6131201090190574, 0.38687989098094255], [0.2509463651996884, 0.7490536348003116]], "6": [0.038491349735591256, 0.9615086502644088], "7": [0.4596037598601605, 0.5403962401398394], "8": [[[0.6296258371596285, 0.3703741628403715], [0.5969558822728874, 0.4030441177271125]], [[0.5385651885602686, 0.4614348114397315], [0.8788750060216508, 0.12112499397834936]]], "9": [[[[[0.5303997629938151, 0.4696002370061849], [0.23202029391816908, 0.767979706081831]], [[0.48496979864599377, 0.5150302013540062], [0.3534437673712895, 0.6465562326287105]]], [[[0.35031996673225674, 0.6496800332677432], [0.8614763678511047, 0.13852363214889538]], [[0.6437818364489826, 0.3562181635510176], [0.6076124634788446, 0.3923875365211554]]]], [[[[0.14893704366130128, 0.8510629563386987], [0.8696500377045533, 0.13034996229544674]], [[0.8235983313391908, 0.17640166866080917], [0.21649101085434794, 0.783508989145652]]], [[[0.217573127577314, 0.782426872422686], [0.8208996311026014, 0.17910036889739858]], [[0.37874130567788244, 0.6212586943221174], [0.7583118327853443, 0.24168816721465577]]]]]}}