{"n_nodes": 10, "edges": [[4, 2], [5, 1], [5, 2], [6, 5], [7, 0], [7, 2], [7, 3], [7, 6], [9, 8]], "cpt": {"0": [0.4468805523762363, 0.5531194476237637], "1": [0.21325380529478605, 0.7867461947052139], "2": [0.3430463740532321, 0.656953625946768], "3": [0.3284654203598868, 0.6715345796401132], "4": [[0.3956472369472825, 0.6043527630527176], [0.2305786741644532, 0.7694213258355469]], "5": [[[0.31007714463152697, 0.6899228553684731], [0.8039920613787024, 0.19600793862129756]], [[0.7069826725714169, 0.2930173274285832], [0.5179862898922745, 0.4820137101077255]]], "6": [[0.9641547075560996, 0.03584529244390042], [0.39914384911336087, 0.6008561508866392]], "7": [[[[[0.565324981377874, 0.43467501862212615], [0.26881769767805286, 0.7311823023219471]], [[0.5860783330771431, 0.4139216669228569], [0.2082389430674763, 0.7917610569325236]]], [[[0.9077889690298483, 0.09221103097015158], [0.5100288166862672, 0.4899711833137327]], [[0.8536448206745311, 0.14635517932546907], [0.6255027771142471, 0.3744972228857527]]]], [[[[0.5942598531352735, 0.40574014686472665], [0.10142302981973902, 0.8985769701802611]], [[0.30875358208902376, 0.6912464179109763], [0.07405116594287355, 0.9259488340571265]]], [[[0.15658962895558962, 0.8434103710444103], [0.41790778297880954, 0.5820922170211906]], [[0.9705858516929374, 0.02941414830706263], [0.221086244146388, 0.778913755853612]]]]], "8": [0.7553426191073165, 0.24465738089268357], "9": [[0.2537690231988629, 0.746230976801137], [0.7982388826634409, 0.20176111733655908]]}}