{"n_nodes": 25, "edges": [[2, 1], [4, 1], [7, 0], [7, 6], [8, 1], [8, 5], [10, 2], [10, 4], [10, 8], [10, 9], [12, 7], [13, 0], [13, 7], [13, 9], [13, 11], [14, 2], [14, 3], [14, 6], [15, 6], [15, 7], [15, 10], [16, 4], [16, 9], [17, 5], [18, 4], [18, 13], [19, 0], [19, 2], [19, 5], [19, 8], [19, 10], [19, 13], [19, 16], [20, 15], [22, 12], [23, 12], [23, 15], [23, 17], [23, 20], [23, 22]], "cpt": {"0": [0.4468805523762363, 0.5531194476237637], "1": [0.21325380529478605, 0.7867461947052139], "2": [[0.3430463740532321, 0.656953625946768], [0.3284654203598868, 0.6715345796401132]], "3": [0.3956472369472825, 0.6043527630527176], "4": [[0.2305786741644532, 0.7694213258355469], [0.31007714463152697, 0.6899228553684731]], "5": [0.8039920613787024, 0.19600793862129756], "6": [0.7069826725714169, 0.2930173274285832], "7": [[[0.5179862898922745, 0.4820137101077255], [0.9641547075560996, 0.03584529244390042]], [[0.39914384911336087, 0.6008561508866392], [0.565324981377874, 0.43467501862212615]]], "8": [[[0.26881769767805286, 0.7311823023219471], [0.5860783330771431, 0.4139216669228569]], [[0.2082389430674763, 0.7917610569325236], [0.9077889690298483, 0.09221103097015158]]], "9": [0.5100288166862672, 0.4899711833137327], "10": [[[[[0.8536448206745311, 0.14635517932546907], [0.6255027771142471, 0.3744972228857527]], [[0.5942598531352735, 0.40574014686472665], [0.10142302981973902, 0.8985769701802611]]], [[[0.30875358208902376, 0.6912464179109763], [0.07405116594287355, 0.9259488340571265]], [[0.15658962895558962, 0.8434103710444103], [0.41790778297880954, 0.5820922170211906]]]], [[[[0.9705858516929374, 0.02941414830706263], [0.221086244146388, 0.778913755853612]], [[0.7553426191073165, 0.24465738089268357], [0.2537690231988629, 0.746230976801137]]], [[[0.7982388826634409, 0.20176111733655908], [0.8880775861222319, 0.11192241387776813]], [[0.7758580637093776, 0.22414193629062246], [0.6910016808161802, 0.3089983191838199]]]]], "11": [0.9469886771334657, 0.05301132286653432], "12": [[0.39012026962981705, 0.6098797303701831], [0.5214559838135255, 0.47854401618647446]], "13": [[[[[0.9485023435151372, 0.05149765648486281], [0.638969682920037, 0.3610303170799629]], [[0.5882482429702269, 0.41175175702977307], [0.16001976782127042, 0.8399802321787296]]], [[[0.8038942820245324, 0.19610571797546772], [0.5218289129466988, 0.47817108705330125]], [[0.8289693252083264, 0.17103067479167355], [0.9235085117938993, 0.07649148820610085]]]], [[[[0.7960054403414901, 0.20399455965850993], [0.11168419382661803, 0.8883158061733821]], [[0.7623788490983571, 0.23762115090164293], [0.4317072352370395, 0.5682927647629605]]], [[[0.7374055556932685, 0.26259444430673146], [0.091191027180284, 0.908808972819716]], [[0.5911968413075345, 0.4088031586924655], [0.8350069289538602, 0.1649930710461397]]]]], "14": [[[[0.051437721043851435, 0.9485622789561485], [0.04278675978025064, 0.9572132402197493]], [[0.0483049492770672, 0.9516950507229328], [0.061332257641579936, 0.9386677423584201]]], [[[0.11542780083478278, 0.8845721991652172], [0.45701619698983, 0.5429838030101699]], [[0.9738903650205977, 0.026109634979402437], [0.5362065325991393, 0.46379346740086075]]]], "15": [[[[0.5559662116754013, 0.4440337883245989], [0.9231261400415682, 0.07687385995843168]], [[0.3611201544133048, 0.6388798455866951], [0.30009283700454303, 0.6999071629954571]]], [[[0.9721471374468348, 0.02785286255316532], [0.6994370977897298, 0.3005629022102701]], [[0.1735754589182252, 0.8264245410817747], [0.061934658838430745, 0.9380653411615693]]]], "16": [[[0.8305582646486749, 0.16944173535132506], [0.10811597303747736, 0.8918840269625227]], [[0.5608553115777187, 0.4391446884222812], [0.5701549827803128, 0.42984501721968726]]], "17": [[0.963298668875661, 0.0367013311243389], [0.7016700832741695, 0.2983299167258307]], "18": [[[0.5634380653495064, 0.4365619346504936], [0.7647034160861955, 0.23529658391380454]], [[0.35866288324786083, 0.6413371167521391], [0.31467817306475315, 0.6853218269352469]]], "19": [[[[[[[[0.12059311702169967, 0.8794068829783002], [0.6903733341438625, 0.30962666585613763]], [[0.47488016996585897, 0.5251198300341411], [0.14539639779566757, 0.8546036022043324]]], [[[0.7569652273554641, 0.2430347726445358], [0.005576046492269294, 0.9944239535077307]], [[0.47276303380982265, 0.5272369661901775], [0.507284023840637, 0.4927159761593629]]]], [[[[0.9455422990031241, 0.05445770099687583], [0.039711473112207366, 0.9602885268877926]], [[0.17736763188348745, 0.8226323681165125], [0.48309652602983055, 0.5169034739701693]]], [[[0.659851757672384, 0.340148242327616], [0.708269394538049, 0.2917306054619509]], [[0.27241546033953307, 0.7275845396604669], [0.2332545992358559, 0.7667454007641441]]]]], [[[[[0.9257644698671208, 0.07423553013287927], [0.7352282349792765, 0.26477176502072347]], [[0.31384824141445045, 0.6861517585855496], [0.02502318249545124, 0.9749768175045487]]], [[[0.6100896181186565, 0.3899103818813435], [0.7277323985577482, 0.27226760144225176]], [[0.7367336586524486, 0.2632663413475514], [0.27475907242284825, 0.7252409275771518]]]], [[[[0.7093441844321251, 0.2906558155678748], [0.8144792851284385, 0.1855207148715616]], [[0.475673858008909, 0.5243261419910912], [0.5680647976889767, 0.4319352023110233]]], [[[0.1678626365617285, 0.8321373634382716], [0.6749672526505033, 0.32503274734949683]], [[0.3906288733107412, 0.609371126689259], [0.38497124479668027, 0.6150287552033198]]]]]], [[[[[[0.22956327343898877, 0.7704367265610111], [0.6036015538806494, 0.3963984461193506]], [[0.41679196115790873, 0.5832080388420914], [0.9911831824919914, 0.008816817508008694]]], [[[0.5581479530108199, 0.44185204698918007], [0.17447399650190978, 0.8255260034980901]], [[0.0678530050483567, 0.9321469949516433], [0.5213532322534604, 0.4786467677465395]]]], [[[[0.8856784903103978, 0.11432150968960214], [0.9474340441714484, 0.05256595582855161]], [[0.8181036307956339, 0.18189636920436605], [0.9951412624179009, 0.004858737582099177]]], [[[0.13552965766233457, 0.8644703423376655], [0.9280270307802557, 0.07197296921974423]], [[0.5479286663569415, 0.45207133364305857], [0.36762860328563735, 0.6323713967143625]]]]], [[[[[0.7884845818103184, 0.21151541818968145], [0.48849386595357813, 0.5115061340464218]], [[0.6921100025390828, 0.30788999746091716], [0.7401119425124384, 0.2598880574875617]]], [[[0.9841900303960798, 0.01580996960392018], [0.8660451149737012, 0.1339548850262988]], [[0.5600395960578062, 0.43996040394219393], [0.846146545573636, 0.1538534544263641]]]], [[[[0.25823031333621976, 0.7417696866637802], [0.5613199495589527, 0.4386800504410472]], [[0.1717896988372971, 0.828210301162703], [0.4288443186785315, 0.5711556813214684]]], [[[0.9091234719602354, 0.09087652803976462], [0.4804103890285693, 0.5195896109714306]], [[0.9745747479631056, 0.02542525203689427], [0.25999093638408605, 0.740009063615914]]]]]]], [[[[[[[0.1769461877925646, 0.8230538122074353], [0.7334515589050388, 0.26654844109496123]], [[0.9248177855291454, 0.07518221447085453], [0.3321166995940093, 0.6678833004059908]]], [[[0.19996545253196282, 0.8000345474680371], [0.6969180390330171, 0.30308196096698287]], [[0.060560442892690844, 0.9394395571073091], [0.8830608290692296, 0.11693917093077048]]]], [[[[0.19834835483323898, 0.801651645166761], [0.5438454325748456, 0.4561545674251542]], [[0.7512004104747801, 0.2487995895252198], [0.09281011189508762, 0.9071898881049125]]], [[[0.36802141087443885, 0.631978589125561], [0.4291043040718535, 0.5708956959281464]], [[0.2947131658561407, 0.7052868341438593], [0.9382767153147912, 0.06172328468520879]]]]], [[[[[0.3193157019202905, 0.6806842980797094], [0.15765801073528737, 0.8423419892647126]], [[0.7848812948469871, 0.21511870515301304], [0.7405252720934684, 0.2594747279065316]]], [[[0.5952959154252996, 0.40470408457470036], [0.91011012797283, 0.08988987202716993]], [[0.3217372117521722, 0.6782627882478278], [0.21171631196271928, 0.7882836880372808]]]], [[[[0.058960806720111204, 0.9410391932798887], [0.9746793141615805, 