{"n_nodes": 25, "edges": [[3, 0], [3, 2], [4, 0], [4, 1], [4, 2], [4, 3], [6, 5], [7, 3], [7, 5], [7, 6], [8, 1], [9, 4], [10, 0], [10, 3], [10, 7], [12, 4], [12, 7], [13, 11], [14, 1], [14, 4], [14, 12], [15, 5], [15, 11], [15, 14], [16, 7], [17, 10], [17, 15], [18, 6], [19, 10], [20, 2], [20, 8], [20, 12], [20, 16], [20, 17], [20, 19], [21, 8], [22, 10], [22, 16], [22, 20], [22, 21], [23, 14], [23, 22], [24, 14]], "cpt": {"0": [0.4621411866365179, 0.537858813363482], "1": [0.13309010094895887, 0.8669098990510412], "2": [0.39172503482440985, 0.6082749651755902], "3": [[[0.14063192588385057, 0.8593680741161493], [0.8585454602923358, 0.14145453970766417]], [[0.6505128838616506, 0.3494871161383495], [0.11533495132992824, 0.8846650486700718]]], "4": [[[[[0.9271700957550133, 0.07282990424498659], [0.08618622517704916, 0.9138137748229509]], [[0.8015267293239184, 0.1984732706760815], [0.6131201090190574, 0.38687989098094255]]], [[[0.2509463651996884, 0.7490536348003116], [0.038491349735591256, 0.9615086502644088]], [[0.4596037598601605, 0.5403962401398394], [0.6296258371596285, 0.3703741628403715]]]], [[[[0.5969558822728874, 0.4030441177271125], [0.5385651885602686, 0.4614348114397315]], [[0.8788750060216508, 0.12112499397834936], [0.5303997629938151, 0.4696002370061849]]], [[[0.23202029391816908, 0.767979706081831], [0.48496979864599377, 0.5150302013540062]], [[0.3534437673712895, 0.6465562326287105], [0.35031996673225674, 0.6496800332677432]]]]], "5": [0.8614763678511047, 0.13852363214889538], "6": [[0.6437818364489826, 0.3562181635510176], [0.6076124634788446, 0.3923875365211554]], "7": [[[[0.14893704366130128, 0.8510629563386987], [0.8696500377045533, 0.13034996229544674]], [[0.8235983313391908, 0.17640166866080917], [0.21649101085434794, 0.783508989145652]]], [[[0.217573127577314, 0.782426872422686], [0.8208996311026014, 0.17910036889739858]], [[0.37874130567788244, 0.6212586943221174], [0.7583118327853443, 0.24168816721465577]]]], "8": [[0.04913062481304387, 0.9508693751869562], [0.6012293261739681, 0.3987706738260319]], "9": [[0.6562186544909283, 0.34378134550907175], [0.8199768338771237, 0.18002316612287622]], "10": [[[[0.5884887629286024, 0.4115112370713978], [0.9334291901620804, 0.06657080983791965]], [[0.5690655373848161, 0.4309344626151838], [0.6335754147167453, 0.3664245852832547]]], [[[0.942110595327927, 0.05788940467207301], [0.579001923827278, 0.420998076172722]], [[0.020634544159667985, 0.979365455840332], [0.08201861891536352, 0.9179813810846364]]]], "11": [0.6773376681740845, 0.3226623318259154], "12": [[[0.0071668384700139184, 0.992833161529986], [0.3772811619386782, 0.6227188380613217]], [[0.5243058333732656, 0.4756941666267344], [0.738830934622653, 0.26116906537734685]]], "13": [[0.6597874685423348, 0.3402125314576652], [0.9106158113024277, 0.08938418869757227]], "14": [[[[0.535010571905131, 0.46498942809486893], [0.8694390547143733, 0.13056094528562673]], [[0.3503891962306269, 0.6496108037693732], [0.7105092661308329, 0.2894907338691671]]], [[[0.6813567829963171, 0.31864321700368287], [0.1356391599125811, 0.8643608400874188]], [[0.7401043520625548, 0.25989564793744513], [0.15193266846546974, 0.8480673315345302]]]], "15": [[[[0.8023013672046906, 0.19769863279530933], [0.5657139897027995, 0.4342860102972004]], [[0.2055255514385922, 0.7944744485614078], [0.3158349354822535, 0.6841650645177465]]], [[[0.5050574519485709, 0.4949425480514292], [0.047383820295412445, 0.9526161797045877]], [[0.028833974362791705, 0.9711660256372083], [0.913741854034148, 0.08625814596585221]]]], "16": [[0.9500147369403309, 0.049985263059669174], [0.9024007626272785, 0.09759923737272154]], "17": [[[0.36795283195332723, 0.6320471680466726], [0.7933864230406517, 0.20661357695934826]], [[0.7353218142721252, 0.2646781857278748], [0.18884659526125636, 0.8111534047387436]]], "18": [[0.1571095316451205, 0.8428904683548796], [0.021078205698856337, 0.9789217943011438]], "19": [[0.2711467893837105, 0.7288532106162895], [0.3299453800823589, 0.670054619917641]], "20": [[[[[[[0.02377616480487275, 0.9762238351951272], [0.2002690958207692, 0.7997309041792309]], [[0.7207490883176563, 0.2792509116823437], [0.6262793281100769, 0.3737206718899231]]], [[[0.582056572141697, 0.4179434278583029], [0.15942686767409855, 0.8405731323259014]], [[0.4344971198348177, 0.5655028801651824], [0.27721715966242205, 0.722782840337578]]]], [[[[0.18769263937077707, 0.8123073606292229], [0.4508131516942492, 0.5491868483057509]], [[0.6540550316578445, 0.34594496834215555], [0.8256660138760646, 0.17433398612393525]]], [[[0.46588918628966713, 0.5341108137103329], [0.9953265986001197, 0.004673401399880359]], [[0.08776316550352796, 0.912236834496472], [0.3496784548470988, 0.6503215451529013]]]]], [[[[[0.6042369258251121, 0.39576307417488793], [0.4395245510074229, 0.5604754489925771]], [[0.3852692985193378, 0.6147307014806622], [0.09637503108253025, 0.9036249689174698]]], [[[0.005158086502700704, 0.9948419134972994], [0.7293145847133649, 0.2706854152866351]], [[0.9823183897651676, 0.01768161023483239], [0.7097914405824108, 0.29020855941758933]]]], [[[[0.4552332711957845, 0.5447667288042154], [0.34248907113203086, 0.657510928867969]], [[0.744068251269303, 0.25593174873069713], [0.5424960608316828, 0.4575039391683173]]], [[[0.06683704943675246, 0.9331629505632475], [0.6797192221746258, 0.32028077782537423]], [[0.46676072862671864, 0.5332392713732814], [0.1473581516089883, 0.8526418483910118]]]]]], [[[[[[0.9941467004160105, 0.005853299583989458], [0.3440184972229939, 0.6559815027770061]], [[0.15770163950281157, 0.8422983604971883], [0.3726542410795905, 0.6273457589204093]]], [[[0.4780325297812345, 0.5219674702187654], [0.2915380333013158, 0.7084619666986843]], [[0.05629862139333459, 0.9437013786066654], [0.9432617261090652, 0.05673827389093469]]]], [[[[0.3332843851575553, 0.6667156148424447], [0.5781638652269568, 0.4218361347730432]], [[0.8899643819351565, 0.11003561806484355], [0.5865307980147665, 0.41346920198523357]]], [[[0.15610317141924557, 0.8438968285807544], [0.8155385387479337, 0.18446146125206625]], [[0.033756053551247917, 0.9662439464487521], [0.3692450745533158, 0.6307549254466843]]]]], [[[[[0.06046357057778543, 0.9395364294222145], [0.7891154518249626, 0.2108845481750375]], [[0.42198430210688015, 0.5780156978931199], [0.5265607410497105, 0.47343925895028954]]], [[[0.8122152155108746, 0.1877847844891254], [0.17273995537089284, 0.8272600446291071]], [[0.7478160126391393, 0.25218398736086073], [0.03024618784901783, 0.9697538121509821]]]], [[[[0.23595217887312797, 0.764047821126872], [0.6161489955658805, 0.3838510044341194]], [[0.38794332504933476, 0.6120566749506652], [0.04089970189510808, 0.9591002981048918]]], [[[0.3288242153641197, 0.6711757846358803], [0.8178964959236692, 0.1821035040763307]], [[0.9832377808434162, 0.01676221915658388], [0.3356044828486185, 0.6643955171513816]]]]]]], "21": [[0.3270032523090019, 0.672996747690998], [0.08305872078865238, 0.9169412792113476]], "22": [[[[[0.2009440246421598, 0.7990559753578402], [0.19071955290927892, 0.8092804470907212]], [[0.7751118991170018, 0.22488810088299815], [0.23012785629902616, 0.7698721437009738]]], [[[0.4486459576234263, 0.5513540423765737], [0.7003947338238754, 0.2996052661761246]], [[0.1305618930930371, 0.8694381069069628], [0.2419020655233485, 0.7580979344766515]]]], [[[[0.8258059893400778, 0.17419401065992218], [0.7482858855069828, 0.2517141144930171]], [[0.4479352686806326, 0.5520647313193673], [0.8208517343184968, 0.17914826568150313]]], [[[0.48298287677293245, 0.5170171232270674], [0.40003588057616446, 0.5999641194238355]], [[0.25132882141645363, 0.7486711785835464], [0.8153312782055429, 0.18466872179445715]]]]], "23": [[[0.7001616757148665, 0.2998383242851335], [0.5662002729808856, 0.4337997270191144]], [[0.3188396660296122, 0.6811603339703878], [0.7777009331971917, 0.22229906680280817]]], "24": [[0.03448258196056944, 0.9655174180394305], [0.5043901535124217, 0.49560984648757817]]}}