{"n_nodes": 10, "edges": [[2, 0], [3, 0], [6, 3], [6, 4], [7, 6], [8, 1], [8, 4], [9, 3], [9, 6]], "cpt": {"0": [0.7472156576798118, 0.2527843423201882], "1": [0.09635482539686889, 0.9036451746031311], "2": [[0.5899280201510102, 0.4100719798489898], [0.5009251917473724, 0.4990748082526276]], "3": [[0.6206411452517137, 0.3793588547482862], [0.14874248034933502, 0.8512575196506649]], "4": [0.5465540602994889, 0.453445939700511], "5": [0.9928686768802802, 0.007131323119719821], "6": [[[0.4813941368642398, 0.5186058631357603], [0.24015896203437767, 0.7598410379656223]], [[0.585486538678439, 0.4145134613215609], [0.34622530651793326, 0.6537746934820667]]], "7": [[0.5958632704325243, 0.40413672956747565], [0.1586498131841558, 0.8413501868158443]], "8": [[[0.878995418882367, 0.12100458111763304], [0.8885607950029696, 0.11143920499703042]], [[0.8278282075208083, 0.17217179247919154], [0.4384392279665887, 0.5615607720334114]]], "9": [[[0.16338668949156432, 0.8366133105084357], [0.9678240300389394, 0.032175969961060674]], [[0.9377440528765306, 0.06225594712346923], [0.5834080181116168, 0.41659198188838326]]]}}